epoch,loss,val_auc
1,0.7163402438163757,0.5476190476190476
2,0.6778566837310791,0.6428571428571428
3,0.6771886348724365,0.7301587301587301
4,0.631244957447052,0.7777777777777777
5,0.6533204317092896,0.8095238095238095
6,0.6232690215110779,0.8333333333333333
